model,threshold,cost,true_negatives,false_positives,false_negatives,true_positives,precision,recall,f1
Logistic Regression,0.05,3532.0,0,3532,0,968,0.21511111111111111,1.0,0.35405998536942207
Logistic Regression,0.05497076023391813,3531.0,1,3531,0,968,0.21515892420537897,1.0,0.35412474849094566
Logistic Regression,0.05994152046783626,3531.0,1,3531,0,968,0.21515892420537897,1.0,0.35412474849094566
Logistic Regression,0.0649122807017544,3528.0,4,3528,0,968,0.21530249110320285,1.0,0.35431918008784774
Logistic Regression,0.06988304093567252,3524.0,8,3524,0,968,0.21549421193232413,1.0,0.3545787545787546
Logistic Regression,0.07485380116959064,3520.0,12,3520,0,968,0.21568627450980393,1.0,0.3548387096774194
Logistic Regression,0.07982456140350877,3514.0,18,3514,0,968,0.21597501115573406,1.0,0.3552293577981651
Logistic Regression,0.0847953216374269,3507.0,25,3507,0,968,0.21631284916201118,1.0,0.35568620246187765
Logistic Regression,0.08976608187134502,3501.0,31,3501,0,968,0.21660326695010068,1.0,0.356078719882288
Logistic Regression,0.09473684210526315,3494.0,43,3489,1,967,0.21701077199281868,0.9989669421487604,0.35656342182890854
Logistic Regression,0.09970760233918129,3488.0,54,3478,2,966,0.21737173717371738,0.9979338842975206,0.35698447893569846
Logistic Regression,0.10467836257309941,3471.0,71,3461,2,966,0.21820646035690083,0.9979338842975206,0.35810936051899905
Logistic Regression,0.10964912280701754,3459.0,83,3449,2,966,0.2187995469988675,0.9979338842975206,0.3589076723016905
Logistic Regression,0.11461988304093566,3451.0,101,3431,4,964,0.2193401592718999,0.9958677685950413,0.359500279694201
Logistic Regression,0.1195906432748538,3427.0,125,3407,4,964,0.2205444978265843,0.9958677685950413,0.36111631391646376
Logistic Regression,0.12456140350877193,3413.0,144,3388,5,963,0.22132843024592047,0.9948347107438017,0.36209813874788493
Logistic Regression,0.12953216374269005,3398.0,164,3368,6,962,0.22217090069284065,0.993801652892562,0.3631559078897697
Logistic Regression,0.13450292397660818,3391.0,176,3356,7,961,0.2226082927959231,0.9927685950413223,0.36367076631977296
Logistic Regression,0.1394736842105263,3377.0,190,3342,7,961,0.22333255867999072,0.9927685950413223,0.36463669132991844
Logistic Regression,0.14444444444444443,3360.0,212,3320,8,960,0.22429906542056074,0.9917355371900827,0.36585365853658536
Logistic Regression,0.14941520467836256,3341.0,236,3296,9,959,0.22538190364277322,0.9907024793388429,0.3672219031208118
Logistic Regression,0.15438596491228068,3332.0,255,3277,11,957,0.22602739726027396,0.9886363636363636,0.3679354094579008
Logistic Regression,0.1593567251461988,3324.0,278,3254,14,954,0.2267110266159696,0.9855371900826446,0.3686244204018547
Logistic Regression,0.16432748538011693,3315.0,297,3235,16,952,0.22737043229042272,0.9834710743801653,0.3693501454898157
Logistic Regression,0.16929824561403506,3304.0,318,3214,18,950,0.2281460134486071,0.981404958677686,0.37022603273577553
Logistic Regression,0.1742690058479532,3291.0,341,3191,20,948,0.2290408311186277,0.9793388429752066,0.3712551400039162
Logistic Regression,0.1792397660818713,3264.0,373,3159,21,947,0.23063809059912324,0.9783057851239669,0.3732755222703981
Logistic Regression,0.1842105263157895,3237.0,400,3132,21,947,0.23216474626133857,0.9783057851239669,0.37527243907271646
Logistic Regression,0.18918128654970762,3231.0,421,3111,24,944,0.23279901356350186,0.9752066115702479,0.37587099343022096
Logistic Regression,0.19415204678362574,3229.0,443,3089,28,940,0.2333085132787292,0.9710743801652892,0.37622573544126475
Logistic Regression,0.19912280701754387,3207.0,475,3057,30,938,0.23479349186483103,0.96900826446281,0.37799717912552894
Logistic Regression,0.204093567251462,3193.0,509,3023,34,934,0.23603740207227697,0.9648760330578512,0.3792893401015228
Logistic Regression,0.20906432748538012,3185.0,532,3000,37,931,0.23683541083693715,0.9617768595041323,0.38007756685037763
Logistic Regression,0.21403508771929824,3150.0,572,2960,38,930,0.2390745501285347,0.9607438016528925,0.38287361053931657
Logistic Regression,0.21900584795321637,3103.0,634,2898,41,927,0.24235294117647058,0.9576446280991735,0.38681410390152304
Logistic Regression,0.2239766081871345,3061.0,676,2856,41,927,0.24504361617763679,0.9576446280991735,0.39023363502420544
Logistic Regression,0.22894736842105262,3052.0,705,2827,45,923,0.24613333333333334,0.9535123966942148,0.39126748622297586
Logistic Regression,0.23391812865497075,3035.0,742,2790,49,919,0.24777568077648962,0.9493801652892562,0.3929869574513577
Logistic Regression,0.23888888888888887,3011.0,776,2756,51,917,0.24965967873672748,0.9473140495867769,0.3951734539969834
Logistic Regression,0.243859649122807,2985.0,812,2720,53,915,0.2517193947730399,0.9452479338842975,0.39756680425809254
Logistic Regression,0.24883040935672512,2957.0,855,2677,56,912,0.2541097798829758,0.9421487603305785,0.40026333113890716
Logistic Regression,0.25380116959064325,2925.0,892,2640,57,911,0.2565474514221346,0.9411157024793388,0.4031865456959504
Logistic Regression,0.2587719298245614,2918.0,924,2608,62,906,0.2578258394991463,0.9359504132231405,0.4042838018741633
Logistic Regression,0.2637426900584795,2904.0,963,2569,67,901,0.2596541786743516,0.9307851239669421,0.4060387561964849
Logistic Regression,0.2687134502923976,2873.0,1004,2528,69,899,0.26232856725999415,0.9287190082644629,0.40910125142207054
Logistic Regression,0.27368421052631575,2850.0,1037,2495,71,897,0.2644457547169811,0.9266528925619835,0.4114678899082569
Logistic Regression,0.2786549707602339,2831.0,1086,2446,77,891,0.26700629307761464,0.9204545454545454,0.4139372822299652
Logistic Regression,0.283625730994152,2814.0,1133,2399,83,885,0.2694884287454324,0.9142561983471075,0.41627469426152397
Logistic Regression,0.28859649122807013,2825.0,1172,2360,93,875,0.2704791344667697,0.9039256198347108,0.41636926005234354
Logistic Regression,0.2935672514619883,2839.0,1208,2324,103,865,0.27124490435873316,0.893595041322314,0.41616550396920854
Logistic Regression,0.29853801169590644,2826.0,1256,2276,110,858,0.2737715379706445,0.8863636363636364,0.4183325207215992
Logistic Regression,0.3035087719298245,2789.0,1298,2234,111,857,0.2772565512779036,0.8853305785123967,0.42227149544222714
Logistic Regression,0.30847953216374263,2780.0,1347,2185,119,849,0.27982860909690177,0.8770661157024794,0.424287856071964
Logistic Regression,0.31345029239766076,2764.0,1373,2159,121,847,0.28176979374584166,0.875,0.42627075993960745
Logistic Regression,0.31842105263157894,2759.0,1413,2119,128,840,0.28387968908415007,0.8677685950413223,0.42780748663101603
Logistic Regression,0.32339181286549706,2737.0,1445,2087,130,838,0.2864957264957265,0.8657024793388429,0.43051631132802465
Logistic Regression,0.3283625730994152,2711.0,1486,2046,133,835,0.2898299201666088,0.862603305785124,0.43387892959210184
Logistic Regression,0.3333333333333333,2715.0,1527,2005,142,826,0.2917696926880961,0.8533057851239669,0.43485127665175044
Logistic Regression,0.33830409356725144,2682.0,1570,1962,144,824,0.29576453697056715,0.8512396694214877,0.43899840170484816
Logistic Regression,0.34327485380116957,2671.0,1601,1931,148,820,0.2980734278444202,0.8471074380165289,0.4409787577305727
Logistic Regression,0.3482456140350877,2677.0,1640,1892,157,811,0.30003699593044764,0.8378099173553719,0.4418414600926178
Logistic Regression,0.3532163742690058,2675.0,1687,1845,166,802,0.3029845107669059,0.8285123966942148,0.4437067773167358
Logistic Regression,0.35818713450292394,2667.0,1710,1822,169,799,0.304845478824876,0.8254132231404959,0.44524937308442464
Logistic Regression,0.36315789473684207,2690.0,1742,1790,180,788,0.3056633048875097,0.8140495867768595,0.4444444444444444
Logistic Regression,0.3681286549707602,2681.0,1771,1761,184,784,0.30805500982318273,0.8099173553719008,0.44634215769997154
Logistic Regression,0.3730994152046783,2677.0,1810,1722,191,777,0.31092436974789917,0.8026859504132231,0.4482261321026824
Logistic Regression,0.37807017543859645,2697.0,1840,1692,201,767,0.3119154127694185,0.7923553719008265,0.44762182667055733
Logistic Regression,0.38304093567251457,2706.0,1866,1666,208,760,0.31327287716405605,0.7851239669421488,0.4478491455509723
Logistic Regression,0.3880116959064327,2701.0,1901,1631,214,754,0.3161425576519916,0.7789256198347108,0.44974649567551445
Logistic Regression,0.3929824561403508,2692.0,1935,1597,219,749,0.3192668371696505,0.7737603305785123,0.452021726010863
Logistic Regression,0.39795321637426895,2701.0,1961,1571,226,742,0.32079550367488113,0.7665289256198347,0.452301127704968
Logistic Regression,0.4029239766081871,2700.0,1987,1545,231,737,0.3229623137598598,0.7613636363636364,0.45353846153846156
Logistic Regression,0.4078947368421052,2732.0,2005,1527,241,727,0.3225377107364685,0.7510330578512396,0.4512725015518312
Logistic Regression,0.4128654970760233,2720.0,2032,1500,244,724,0.3255395683453237,0.7479338842975206,0.45363408521303256
Logistic Regression,0.41783625730994145,2731.0,2056,1476,251,717,0.32694938440492477,0.7407024793388429,0.4536539069914584
Logistic Regression,0.42280701754385963,2706.0,2091,1441,253,715,0.33163265306122447,0.7386363636363636,0.45774647887323944
Logistic Regression,0.42777777777777776,2707.0,2115,1417,258,710,0.3338034790785143,0.7334710743801653,0.4588045234248788
Logistic Regression,0.4327485380116959,2709.0,2138,1394,263,705,0.3358742258218199,0.7283057851239669,0.4597326377567656
Logistic Regression,0.437719298245614,2721.0,2161,1371,270,698,0.3373610439826003,0.7210743801652892,0.4596641422456371
Logistic Regression,0.44269005847953213,2718.0,2194,1338,276,692,0.34088669950738915,0.7148760330578512,0.4616410940627085
Logistic Regression,0.44766081871345026,2714.0,2213,1319,279,689,0.3431274900398406,0.7117768595041323,0.46303763440860213
Logistic Regression,0.4526315789473684,2751.0,2236,1296,291,677,0.34313228585909783,0.6993801652892562,0.46038762325739546
Logistic Regression,0.4576023391812865,2758.0,2254,1278,296,672,0.3446153846153846,0.6942148760330579,0.46058944482522274
Logistic Regression,0.46257309941520464,2767.0,2275,1257,302,666,0.3463338533541342,0.6880165289256198,0.46074022829470773
Logistic Regression,0.46754385964912276,2779.0,2308,1224,311,657,0.3492822966507177,0.6787190082644629,0.4612144612144612
Logistic Regression,0.4725146198830409,2762.0,2335,1197,313,655,0.3536717062634989,0.6766528925619835,0.4645390070921986
Logistic Regression,0.477485380116959,2762.0,2355,1177,317,651,0.3561269146608315,0.6725206611570248,0.4656652360515021
Logistic Regression,0.48245614035087714,2774.0,2373,1159,323,645,0.3575388026607539,0.6663223140495868,0.4653679653679654
Logistic Regression,0.48742690058479526,2786.0,2386,1146,328,640,0.3583426651735722,0.6611570247933884,0.4647785039941903
Logistic Regression,0.4923976608187134,2808.0,2409,1123,337,631,0.3597491448118586,0.6518595041322314,0.4636296840558413
Logistic Regression,0.4973684210526315,2831.0,2426,1106,345,623,0.3603238866396761,0.643595041322314,0.46199480904708934
Logistic Regression,0.5023391812865496,2815.0,2452,1080,347,621,0.36507936507936506,0.6415289256198347,0.4653428250281004
Logistic Regression,0.5073099415204678,2810.0,2472,1060,350,618,0.36829558998808104,0.6384297520661157,0.4671201814058957
Logistic Regression,0.5122807017543859,2804.0,2498,1034,354,614,0.3725728155339806,0.6342975206611571,0.4694189602446483
Logistic Regression,0.5172514619883041,2799.0,2518,1014,357,611,0.376,0.631198347107438,0.4712688006170459
Logistic Regression,0.5222222222222221,2794.0,2548,984,362,606,0.38113207547169814,0.6260330578512396,0.473807662236122
Logistic Regression,0.5271929824561403,2829.0,2568,964,373,595,0.3816549069916613,0.6146694214876033,0.4709141274238227
Logistic Regression,0.5321637426900585,2818.0,2594,938,376,592,0.3869281045751634,0.6115702479338843,0.4739791833466773
Logistic Regression,0.5371345029239766,2831.0,2611,921,382,586,0.38885202388852025,0.6053719008264463,0.47353535353535353
Logistic Regression,0.5421052631578948,2841.0,2626,906,387,581,0.39071956960322796,0.6002066115702479,0.4733197556008147
Logistic Regression,0.5470760233918128,2849.0,2653,879,394,574,0.39504473503097043,0.5929752066115702,0.4741842213961173
Logistic Regression,0.552046783625731,2859.0,2673,859,400,568,0.39803784162578837,0.5867768595041323,0.474321503131524
Logistic Regression,0.5570175438596491,2858.0,2694,838,404,564,0.40228245363766046,0.5826446280991735,0.4759493670886076
Logistic Regression,0.5619883040935673,2869.0,2713,819,410,558,0.40522875816993464,0.5764462809917356,0.4759061833688699
Logistic Regression,0.5669590643274853,2867.0,2730,802,413,555,0.4089904200442152,0.5733471074380165,0.4774193548387097
Logistic Regression,0.5719298245614035,2878.0,2739,793,417,551,0.4099702380952381,0.5692148760330579,0.47664359861591693
Logistic Regression,0.5769005847953216,2893.0,2749,783,422,546,0.4108352144469526,0.5640495867768595,0.4754026991728341
Logistic Regression,0.5818713450292398,2932.0,2760,772,432,536,0.40978593272171254,0.5537190082644629,0.4710017574692443
Logistic Regression,0.5868421052631579,2930.0,2777,755,435,533,0.4138198757763975,0.5506198347107438,0.4725177304964539
Logistic Regression,0.591812865497076,2949.0,2798,734,443,525,0.4169976171564734,0.5423553719008265,0.4714863044454423
Logistic Regression,0.5967836257309942,2941.0,2816,716,445,523,0.42211460855528654,0.5402892561983471,0.4739465337562302
Logistic Regression,0.6017543859649123,2941.0,2836,696,449,519,0.4271604938271605,0.5361570247933884,0.4754924415941365
Logistic Regression,0.6067251461988304,2989.0,2848,684,461,507,0.4256926952141058,0.5237603305785123,0.4696618805002316
Logistic Regression,0.6116959064327485,2999.0,2863,669,466,502,0.4286934244235696,0.518595041322314,0.4693782141187471
Logistic Regression,0.6166666666666667,3002.0,2880,652,470,498,0.4330434782608696,0.5144628099173554,0.4702549575070821
Logistic Regression,0.6216374269005848,3007.0,2900,632,475,493,0.43822222222222224,0.5092975206611571,0.4710941232680363
Logistic Regression,0.626608187134503,3011.0,2916,616,479,489,0.4425339366515837,0.5051652892561983,0.4717800289435601
Logistic Regression,0.631578947368421,3027.0,2935,597,486,482,0.44670991658943465,0.49793388429752067,0.47093307278944796
Logistic Regression,0.6365497076023392,3073.0,2949,583,498,470,0.44634377967711303,0.4855371900826446,0.46511627906976744
Logistic Regression,0.6415204678362573,3094.0,2973,559,507,461,0.4519607843137255,0.4762396694214876,0.46378269617706236
Logistic Regression,0.6464912280701754,3130.0,2997,535,519,449,0.4563008130081301,0.46384297520661155,0.4600409836065574
Logistic Regression,0.6514619883040935,3153.0,3014,518,527,441,0.45985401459854014,0.4555785123966942,0.4577062791904515
Logistic Regression,0.6564327485380117,3195.0,3032,500,539,429,0.46178686759956944,0.4431818181818182,0.45229309435951504
Logistic Regression,0.6614035087719298,3196.0,3046,486,542,426,0.46710526315789475,0.44008264462809915,0.4531914893617021
Logistic Regression,0.666374269005848,3224.0,3053,479,549,419,0.4665924276169265,0.43285123966942146,0.4490889603429796
Logistic Regression,0.671345029239766,3243.0,3064,468,555,413,0.46878547105561863,0.42665289256198347,0.44672796106003243
Logistic Regression,0.6763157894736842,3255.0,3082,450,561,407,0.4749124854142357,0.42045454545454547,0.44602739726027396
Logistic Regression,0.6812865497076023,3261.0,3116,416,569,399,0.48957055214723927,0.4121900826446281,0.4475602916432978
Logistic Regression,0.6862573099415205,3315.0,3127,405,582,386,0.4879898862199747,0.3987603305785124,0.4388857305287095
Logistic Regression,0.6912280701754386,3321.0,3146,386,587,381,0.49674054758800523,0.39359504132231404,0.439193083573487
Logistic Regression,0.6961988304093567,3322.0,3160,372,590,378,0.504,0.390495867768595,0.440046565774156
Logistic Regression,0.7011695906432749,3346.0,3171,361,597,371,0.5068306010928961,0.38326446280991733,0.4364705882352941
Logistic Regression,0.706140350877193,3394.0,3188,344,610,358,0.50997150997151,0.36983471074380164,0.4287425149700599
Logistic Regression,0.7111111111111111,3429.0,3198,334,619,349,0.5109809663250366,0.3605371900826446,0.4227740763173834
Logistic Regression,0.7160818713450292,3473.0,3214,318,631,337,0.5145038167938931,0.3481404958677686,0.4152803450400493
Logistic Regression,0.7210526315789474,3496.0,3231,301,639,329,0.5222222222222223,0.33987603305785125,0.4117647058823529
Logistic Regression,0.7260233918128655,3531.0,3251,281,650,318,0.5308848080133556,0.3285123966942149,0.40587109125717935
Logistic Regression,0.7309941520467836,3568.0,3259,273,659,309,0.5309278350515464,0.31921487603305787,0.3987096774193548
Logistic Regression,0.7359649122807017,3583.0,3274,258,665,303,0.5401069518716578,0.3130165289256198,0.39633747547416615
Logistic Regression,0.7409356725146199,3620.0,3282,250,674,294,0.5404411764705882,0.3037190082644628,0.3888888888888889
Logistic Regression,0.745906432748538,3661.0,3291,241,684,284,0.540952380952381,0.29338842975206614,0.3804420629604823
Logistic Regression,0.7508771929824561,3691.0,3311,221,694,274,0.5535353535353535,0.2830578512396694,0.3745727956254272
Logistic Regression,0.7558479532163742,3728.0,3324,208,704,264,0.559322033898305,0.2727272727272727,0.36666666666666664
Logistic Regression,0.7608187134502924,3776.0,3336,196,716,252,0.5625,0.2603305785123967,0.3559322033898305
Logistic Regression,0.7657894736842105,3813.0,3349,183,726,242,0.5694117647058824,0.25,0.3474515434314429
Logistic Regression,0.7707602339181286,3856.0,3361,171,737,231,0.5746268656716418,0.23863636363636365,0.3372262773722628
Logistic Regression,0.7757309941520467,3905.0,3367,165,748,220,0.5714285714285714,0.22727272727272727,0.3252032520325203
Logistic Regression,0.7807017543859649,3941.0,3376,156,757,211,0.5749318801089919,0.21797520661157024,0.3161048689138577
Logistic Regression,0.785672514619883,4028.0,3384,148,776,192,0.5647058823529412,0.19834710743801653,0.29357798165137616
Logistic Regression,0.7906432748538011,4087.0,3390,142,789,179,0.557632398753894,0.18491735537190082,0.27773467804499613
Logistic Regression,0.7956140350877193,4124.0,3408,124,800,168,0.5753424657534246,0.17355371900826447,0.26666666666666666
Logistic Regression,0.8005847953216374,4135.0,3417,115,804,164,0.5878136200716846,0.16942148760330578,0.26303127506014434
Logistic Regression,0.8055555555555556,4178.0,3429,103,815,153,0.59765625,0.15805785123966942,0.25
Logistic Regression,0.8105263157894737,4208.0,3439,93,823,145,0.6092436974789915,0.14979338842975207,0.24046434494195687
Logistic Regression,0.8154970760233918,4235.0,3447,85,830,138,0.6188340807174888,0.14256198347107438,0.23173803526448364
Logistic Regression,0.8204678362573099,4290.0,3452,80,842,126,0.6116504854368932,0.13016528925619836,0.21465076660988075
Logistic Regression,0.8254385964912281,4355.0,3457,75,856,112,0.5989304812834224,0.11570247933884298,0.19393939393939394
Logistic Regression,0.8304093567251462,4383.0,3464,68,863,105,0.6069364161849711,0.10847107438016529,0.18404907975460122
Logistic Regression,0.8353801169590643,4413.0,3474,58,871,97,0.6258064516129033,0.10020661157024793,0.17275155832591274
Logistic Regression,0.8403508771929824,4449.0,3483,49,880,88,0.6423357664233577,0.09090909090909091,0.1592760180995475
Logistic Regression,0.8453216374269006,4466.0,3486,46,884,84,0.6461538461538462,0.08677685950413223,0.15300546448087432
Logistic Regression,0.8502923976608187,4489.0,3493,39,890,78,0.6666666666666666,0.08057851239669421,0.14377880184331798
Logistic Regression,0.8552631578947368,4525.0,3497,35,898,70,0.6666666666666666,0.07231404958677685,0.13047530288909598
Logistic Regression,0.8602339181286549,4547.0,3505,27,904,64,0.7032967032967034,0.06611570247933884,0.12086874409820586
Logistic Regression,0.8652046783625731,4594.0,3508,24,914,54,0.6923076923076923,0.05578512396694215,0.10325047801147227
Logistic Regression,0.8701754385964912,4619.0,3508,24,919,49,0.6712328767123288,0.0506198347107438,0.0941402497598463
Logistic Regression,0.8751461988304093,4636.0,3511,21,923,45,0.6818181818181818,0.04648760330578512,0.08704061895551257
Logistic Regression,0.8801169590643274,4660.0,3512,20,928,40,0.6666666666666666,0.04132231404958678,0.07782101167315175
Logistic Regression,0.8850877192982456,4667.0,3515,17,930,38,0.6909090909090909,0.03925619834710744,0.07429130009775171
Logistic Regression,0.8900584795321637,4677.0,3520,12,933,35,0.7446808510638298,0.03615702479338843,0.06896551724137931
Logistic Regression,0.8950292397660818,4694.0,3523,9,937,31,0.775,0.03202479338842975,0.061507936507936505
Logistic Regression,0.9,4712.0,3525,7,941,27,0.7941176470588235,0.027892561983471075,0.05389221556886228
XGBoost,0.05,3461.0,81,3451,2,966,0.21870047543581617,0.9979338842975206,0.3587743732590529
XGBoost,0.05497076023391813,3457.0,95,3437,4,964,0.21904112701658715,0.9958677685950413,0.35909852859005403
XGBoost,0.05994152046783626,3447.0,115,3417,6,962,0.21968485955697648,0.993801652892562,0.35982794090144005
XGBoost,0.0649122807017544,3431.0,131,3401,6,962,0.22049048819619527,0.993801652892562,0.3609078972050272
XGBoost,0.06988304093567252,3407.0,155,3377,6,962,0.2217100714450334,0.993801652892562,0.3625400414546825
XGBoost,0.07485380116959064,3379.0,183,3349,6,962,0.22315008118765947,0.993801652892562,0.3644629664709225
XGBoost,0.07982456140350877,3358.0,209,3323,7,961,0.22432306255835668,0.9927685950413223,0.36595582635186596
XGBoost,0.0847953216374269,3335.0,237,3295,8,960,0.2256169212690952,0.9917355371900827,0.3676048248133257
XGBoost,0.08976608187134502,3319.0,263,3269,10,958,0.22663827773834871,0.9896694214876033,0.36881616939364775
XGBoost,0.09473684210526315,3289.0,298,3234,11,957,0.2283464566929134,0.9886363636363636,0.37100213219616207
XGBoost,0.09970760233918129,3273.0,324,3208,13,955,0.22940187364881096,0.9865702479338843,0.3722471253167024
XGBoost,0.10467836257309941,3237.0,360,3172,13,955,0.23140295614247638,0.9865702479338843,0.3748773307163886
XGBoost,0.10964912280701754,3222.0,385,3147,15,953,0.23243902439024391,0.984504132231405,0.3760852407261247
XGBoost,0.11461988304093566,3190.0,417,3115,15,953,0.23426745329400198,0.984504132231405,0.3784749801429706
XGBoost,0.1195906432748538,3169.0,448,3084,17,951,0.23568773234200743,0.9824380165289256,0.38017189686188285
XGBoost,0.12456140350877193,3155.0,482,3050,21,947,0.23692769577182887,0.9783057851239669,0.38147029204431016
XGBoost,0.12953216374269005,3144.0,503,3029,23,945,0.23779567186713638,0.9762396694214877,0.38243626062322944
XGBoost,0.13450292397660818,3136.0,536,2996,28,940,0.23882113821138212,0.9710743801652892,0.3833605220228385
XGBoost,0.1394736842105263,3125.0,567,2965,32,936,0.23993847731350937,0.9669421487603306,0.3844731977818854
XGBoost,0.14444444444444443,3099.0,608,2924,35,933,0.24189784806844697,0.9638429752066116,0.38673575129533677
XGBoost,0.14941520467836256,3085.0,642,2890,39,929,0.2432573972244043,0.9597107438016529,0.3881345310215166
XGBoost,0.15438596491228068,3064.0,678,2854,42,926,0.24497354497354498,0.9566115702479339,0.3900589721988206
XGBoost,0.1593567251461988,3037.0,720,2812,45,923,0.24712182061579652,0.9535123966942148,0.3925154156921114
XGBoost,0.16432748538011693,3037.0,750,2782,51,917,0.24790483914571507,0.9473140495867769,0.3929719305763874
XGBoost,0.16929824561403506,3026.0,776,2756,54,914,0.24904632152588557,0.9442148760330579,0.39413540319103063
XGBoost,0.1742690058479532,3012.0,810,2722,58,910,0.2505506607929515,0.9400826446280992,0.39565217391304347
XGBoost,0.1792397660818713,3003.0,839,2693,62,906,0.25173659349819394,0.9359504132231405,0.3967593606306109
XGBoost,0.1842105263157895,2992.0,870,2662,66,902,0.25308641975308643,0.9318181818181818,0.39805825242718446
XGBoost,0.18918128654970762,2984.0,903,2629,71,897,0.25439591605218376,0.9266528925619835,0.3991989319092123
XGBoost,0.19415204678362574,2974.0,938,2594,76,892,0.25588066551921973,0.9214876033057852,0.4005388414907948
XGBoost,0.19912280701754387,2941.0,986,2546,79,889,0.25880640465793303,0.9183884297520661,0.40381558028616854
XGBoost,0.204093567251462,2930.0,1017,2515,83,885,0.26029411764705884,0.9142561983471075,0.4052197802197802
XGBoost,0.20906432748538012,2925.0,1042,2490,87,881,0.2613467813705132,0.9101239669421488,0.406084351233003
XGBoost,0.21403508771929824,2894.0,1083,2449,89,879,0.26412259615384615,0.9080578512396694,0.4092178770949721
XGBoost,0.21900584795321637,2898.0,1109,2423,95,873,0.2648665048543689,0.9018595041322314,0.4094746716697936
XGBoost,0.2239766081871345,2882.0,1145,2387,99,869,0.2668918918918919,0.8977272727272727,0.4114583333333333
XGBoost,0.22894736842105262,2884.0,1183,2349,107,861,0.26822429906542056,0.8894628099173554,0.41215892771661083
XGBoost,0.23391812865497075,2867.0,1225,2307,112,856,0.27062914954157447,0.8842975206611571,0.41442749939481965
XGBoost,0.23888888888888887,2862.0,1255,2277,117,851,0.27205882352941174,0.8791322314049587,0.41552734375
XGBoost,0.243859649122807,2857.0,1280,2252,121,847,0.27331397224911264,0.875,0.4165232358003442
XGBoost,0.24883040935672512,2856.0,1306,2226,126,842,0.27444589308996087,0.8698347107438017,0.4172447968285431
XGBoost,0.25380116959064325,2865.0,1327,2205,132,836,0.27490956922065113,0.8636363636363636,0.41706161137440756
XGBoost,0.2587719298245614,2849.0,1358,2174,135,833,0.27702028599933487,0.8605371900826446,0.4191194968553459
XGBoost,0.2637426900584795,2843.0,1389,2143,140,828,0.278694042409963,0.8553719008264463,0.4204112718964204
XGBoost,0.2687134502923976,2845.0,1422,2110,147,821,0.2801091777550324,0.8481404958677686,0.42113362400615545
XGBoost,0.27368421052631575,2831.0,1446,2086,149,819,0.2819277108433735,0.8460743801652892,0.4229279628195198
XGBoost,0.2786549707602339,2825.0,1472,2060,153,815,0.28347826086956524,0.8419421487603306,0.42414780119698153
XGBoost,0.283625730994152,2820.0,1497,2035,157,811,0.2849613492621223,0.8378099173553719,0.4252753015207132
XGBoost,0.28859649122807013,2806.0,1526,2006,160,808,0.287135749822317,0.8347107438016529,0.4272871496562665
XGBoost,0.2935672514619883,2793.0,1559,1973,164,804,0.28952106589845156,0.8305785123966942,0.4293724966622163
XGBoost,0.29853801169590644,2768.0,1599,1933,167,801,0.29297732260424286,0.8274793388429752,0.4327390599675851
XGBoost,0.3035087719298245,2758.0,1629,1903,171,797,0.29518518518518516,0.8233471074380165,0.4345692475463468
XGBoost,0.30847953216374263,2748.0,1664,1868,176,792,0.29774436090225564,0.8181818181818182,0.43660418963616315
XGBoost,0.31345029239766076,2744.0,1693,1839,181,787,0.2996953541507997,0.8130165289256198,0.43795214245965497
XGBoost,0.31842105263157894,2751.0,1726,1806,189,779,0.3013539651837524,0.8047520661157025,0.4385026737967914
XGBoost,0.32339181286549706,2730.0,1762,1770,192,776,0.30479183032207385,0.8016528925619835,0.4416619237336369
XGBoost,0.3283625730994152,2732.0,1795,1737,199,769,0.3068635275339186,0.7944214876033058,0.44271732872769143
XGBoost,0.3333333333333333,2704.0,1838,1694,202,766,0.31138211382113823,0.7913223140495868,0.4469078179696616
XGBoost,0.33830409356725144,2700.0,1867,1665,207,761,0.3136850783182193,0.7861570247933884,0.44843842074248674
XGBoost,0.34327485380116957,2689.0,1898,1634,211,757,0.3166039314094521,0.7820247933884298,0.45072938374516225
XGBoost,0.3482456140350877,2691.0,1931,1601,218,750,0.31901318587834965,0.7747933884297521,0.4519433564326604
XGBoost,0.3532163742690058,2676.0,1971,1561,223,745,0.3230702515177797,0.7696280991735537,0.45510079413561394
XGBoost,0.35818713450292394,2682.0,2000,1532,230,738,0.3251101321585903,0.762396694214876,0.4558369363804818
XGBoost,0.36315789473684207,2673.0,2029,1503,234,734,0.32811801519892714,0.7582644628099173,0.45803432137285494
XGBoost,0.3681286549707602,2683.0,2064,1468,243,725,0.33059735522115824,0.7489669421487604,0.45871559633027525
XGBoost,0.3730994152046783,2680.0,2097,1435,249,719,0.33379758588672237,0.7427685950413223,0.4606021780909673
XGBoost,0.37807017543859645,2717.0,2125,1407,262,706,0.33412210127780406,0.7293388429752066,0.45829276209023045
XGBoost,0.38304093567251457,2734.0,2148,1384,270,698,0.33525456292026895,0.7210743801652892,0.4577049180327869
XGBoost,0.3880116959064327,2723.0,2174,1358,273,695,0.3385289819775938,0.7179752066115702,0.46011254551473024
XGBoost,0.3929824561403508,2737.0,2195,1337,280,688,0.3397530864197531,0.7107438016528925,0.4597393919144671
XGBoost,0.39795321637426895,2730.0,2227,1305,285,683,0.34356136820925554,0.7055785123966942,0.4621109607577808
XGBoost,0.4029239766081871,2719.0,2248,1284,287,681,0.3465648854961832,0.7035123966942148,0.4643709512444596
XGBoost,0.4078947368421052,2725.0,2272,1260,293,675,0.3488372093023256,0.6973140495867769,0.46503616947984844
XGBoost,0.4128654970760233,2721.0,2291,1241,296,672,0.3512807109252483,0.6942148760330579,0.4665046858729608
XGBoost,0.41783625730994145,2736.0,2306,1226,302,666,0.35200845665961944,0.6880165289256198,0.46573426573426574
XGBoost,0.42280701754385963,2764.0,2328,1204,312,656,0.35268817204301073,0.6776859504132231,0.4639321074964639
XGBoost,0.42777777777777776,2777.0,2350,1182,319,649,0.3544511196067723,0.6704545454545454,0.46373704894605217
XGBoost,0.4327485380116959,2808.0,2369,1163,329,639,0.3546059933407325,0.6601239669421488,0.46137184115523466
XGBoost,0.437719298245614,2811.0,2396,1136,335,633,0.3578292820802713,0.6539256198347108,0.46255023748629887
XGBoost,0.44269005847953213,2812.0,2415,1117,339,629,0.3602520045819015,0.6497933884297521,0.46352247605011054
XGBoost,0.44766081871345026,2824.0,2433,1099,345,623,0.3617886178861789,0.643595041322314,0.46319702602230484
XGBoost,0.4526315789473684,2832.0,2450,1082,350,618,0.3635294117647059,0.6384297520661157,0.46326836581709147
XGBoost,0.4576023391812865,2851.0,2466,1066,357,611,0.3643410852713178,0.631198347107438,0.4620037807183365
XGBoost,0.46257309941520464,2850.0,2482,1050,360,608,0.36670687575392036,0.628099173553719,0.4630616907844631
XGBoost,0.46754385964912276,2854.0,2503,1029,365,603,0.3694852941176471,0.6229338842975206,0.46384615384615385
XGBoost,0.4725146198830409,2862.0,2520,1012,370,598,0.37142857142857144,0.6177685950413223,0.46392552366175327
XGBoost,0.477485380116959,2865.0,2537,995,374,594,0.3738200125865324,0.6136363636363636,0.46460696128275325
XGBoost,0.48245614035087714,2874.0,2558,974,380,588,0.3764404609475032,0.6074380165289256,0.46482213438735176
XGBoost,0.48742690058479526,2876.0,2581,951,385,583,0.38005215123859193,0.6022727272727273,0.4660271782573941
XGBoost,0.4923976608187134,2871.0,2596,936,387,581,0.3829927488464074,0.6002066115702479,0.4676056338028169
XGBoost,0.4973684210526315,2862.0,2620,912,390,578,0.38791946308724834,0.5971074380165289,0.47030105777054515
XGBoost,0.5023391812865496,2852.0,2635,897,391,577,0.3914518317503392,0.5960743801652892,0.4725634725634726
XGBoost,0.5073099415204678,2891.0,2651,881,402,566,0.39115411195577054,0.5847107438016529,0.46873706004140786
XGBoost,0.5122807017543859,2897.0,2665,867,406,562,0.3932820153953814,0.5805785123966942,0.4689194826866917
XGBoost,0.5172514619883041,2892.0,2690,842,410,558,0.3985714285714286,0.5764462809917356,0.47128378378378377
XGBoost,0.5222222222222221,2903.0,2714,818,417,551,0.4024835646457268,0.5692148760330579,0.4715447154471545
XGBoost,0.5271929824561403,2906.0,2731,801,421,547,0.40578635014836795,0.5650826446280992,0.47236614853195164
XGBoost,0.5321637426900585,2924.0,2743,789,427,541,0.4067669172932331,0.5588842975206612,0.47084421235857266
XGBoost,0.5371345029239766,2912.0,2765,767,429,539,0.4127105666156202,0.5568181818181818,0.47405452946350046
XGBoost,0.5421052631578948,2926.0,2776,756,434,534,0.413953488372093,0.5516528925619835,0.47298494242692646
XGBoost,0.5470760233918128,2938.0,2789,743,439,529,0.4158805031446541,0.5464876033057852,0.47232142857142856
XGBoost,0.552046783625731,2945.0,2807,725,444,524,0.41953562850280224,0.5413223140495868,0.4727108705457826
XGBoost,0.5570175438596491,2936.0,2826,706,446,522,0.4250814332247557,0.5392561983471075,0.47540983606557374
XGBoost,0.5619883040935673,2936.0,2836,696,448,520,0.4276315789473684,0.5371900826446281,0.47619047619047616
XGBoost,0.5669590643274853,2960.0,2852,680,456,512,0.42953020134228187,0.5289256198347108,0.4740740740740741
XGBoost,0.5719298245614035,2968.0,2864,668,460,508,0.43197278911564624,0.5247933884297521,0.47388059701492535
XGBoost,0.5769005847953216,2979.0,2883,649,466,502,0.43614248479582973,0.518595041322314,0.4738084001887683
XGBoost,0.5818713450292398,2992.0,2895,637,471,497,0.4382716049382716,0.5134297520661157,0.47288296860133205
XGBoost,0.5868421052631579,3012.0,2905,627,477,491,0.43917710196779963,0.5072314049586777,0.4707574304889741
XGBoost,0.591812865497076,3042.0,2915,617,485,483,0.4390909090909091,0.4989669421487603,0.4671179883945841
XGBoost,0.5967836257309942,3049.0,2938,594,491,477,0.44537815126050423,0.4927685950413223,0.4678764100049044
XGBoost,0.6017543859649123,3076.0,2956,576,500,468,0.4482758620689655,0.4834710743801653,0.46520874751491054
XGBoost,0.6067251461988304,3096.0,2966,566,506,462,0.4494163424124514,0.4772727272727273,0.46292585170340683
XGBoost,0.6116959064327485,3118.0,2989,543,515,453,0.45481927710843373,0.46797520661157027,0.46130346232179226
XGBoost,0.6166666666666667,3113.0,3004,528,517,451,0.4606741573033708,0.4659090909090909,0.4632768361581921
XGBoost,0.6216374269005848,3169.0,3018,514,531,437,0.45951629863301785,0.45144628099173556,0.45544554455445546
XGBoost,0.626608187134503,3194.0,3028,504,538,430,0.4603854389721627,0.44421487603305787,0.45215562565720296
XGBoost,0.631578947368421,3198.0,3049,483,543,425,0.46806167400881055,0.4390495867768595,0.453091684434968
XGBoost,0.6365497076023392,3204.0,3068,464,548,420,0.4751131221719457,0.43388429752066116,0.4535637149028078
XGBoost,0.6415204678362573,3221.0,3076,456,553,415,0.4764638346727899,0.4287190082644628,0.45133224578575315
XGBoost,0.6464912280701754,3246.0,3091,441,561,407,0.47995283018867924,0.42045454545454547,0.44823788546255505
XGBoost,0.6514619883040935,3265.0,3102,430,567,401,0.4825511432009627,0.4142561983471074,0.44580322401334077
XGBoost,0.6564327485380117,3300.0,3117,415,577,391,0.4851116625310174,0.40392561983471076,0.44081172491544535
XGBoost,0.6614035087719298,3318.0,3129,403,583,385,0.4885786802030457,0.3977272727272727,0.438496583143508
XGBoost,0.666374269005848,3325.0,3142,390,587,381,0.49416342412451364,0.39359504132231404,0.4381828637147786
XGBoost,0.671345029239766,3334.0,3153,379,591,377,0.49867724867724866,0.3894628099173554,0.43735498839907194
XGBoost,0.6763157894736842,3379.0,3163,369,602,366,0.49795918367346936,0.378099173553719,0.42982971227246036
XGBoost,0.6812865497076023,3392.0,3175,357,607,361,0.5027855153203342,0.37293388429752067,0.42823250296559906
XGBoost,0.6862573099415205,3411.0,3186,346,613,355,0.5064194008559201,0.36673553719008267,0.4254044337926902
XGBoost,0.6912280701754386,3426.0,3201,331,619,349,0.513235294117647,0.3605371900826446,0.42354368932038833
XGBoost,0.6961988304093567,3474.0,3213,319,631,337,0.5137195121951219,0.3481404958677686,0.41502463054187194
XGBoost,0.7011695906432749,3500.0,3222,310,638,330,0.515625,0.3409090909090909,0.41044776119402987
XGBoost,0.706140350877193,3526.0,3236,296,646,322,0.5210355987055016,0.33264462809917356,0.4060529634300126
XGBoost,0.7111111111111111,3549.0,3253,279,654,314,0.5295109612141653,0.3243801652892562,0.4023062139654068
XGBoost,0.7160818713450292,3597.0,3260,272,665,303,0.5269565217391304,0.3130165289256198,0.3927414128321452
XGBoost,0.7210526315789474,3610.0,3267,265,669,299,0.5301418439716312,0.30888429752066116,0.39033942558746737
XGBoost,0.7260233918128655,3622.0,3280,252,674,294,0.5384615384615384,0.3037190082644628,0.38837516512549536
XGBoost,0.7309941520467836,3651.0,3286,246,681,287,0.5384615384615384,0.2964876033057851,0.38241172551632246
XGBoost,0.7359649122807017,3667.0,3295,237,686,282,0.5433526011560693,0.29132231404958675,0.3792871553463349
XGBoost,0.7409356725146199,3686.0,3306,226,692,276,0.549800796812749,0.28512396694214875,0.37551020408163266
XGBoost,0.745906432748538,3715.0,3317,215,700,268,0.5548654244306418,0.2768595041322314,0.3694004135079256
XGBoost,0.7508771929824561,3750.0,3327,205,709,259,0.5581896551724138,0.2675619834710744,0.361731843575419
XGBoost,0.7558479532163742,3762.0,3335,197,713,255,0.5641592920353983,0.2634297520661157,0.3591549295774648
XGBoost,0.7608187134502924,3803.0,3349,183,724,244,0.5714285714285714,0.25206611570247933,0.34982078853046594
XGBoost,0.7657894736842105,3841.0,3356,176,733,235,0.5717761557177615,0.2427685950413223,0.34082668600435095
XGBoost,0.7707602339181286,3881.0,3361,171,742,226,0.5692695214105793,0.2334710743801653,0.3311355311355311
XGBoost,0.7757309941520467,3916.0,3371,161,751,217,0.5740740740740741,0.22417355371900827,0.3224368499257058
XGBoost,0.7807017543859649,3932.0,3385,147,757,211,0.5893854748603352,0.21797520661157024,0.31825037707390647
XGBoost,0.785672514619883,3946.0,3396,136,762,206,0.6023391812865497,0.2128099173553719,0.3145038167938931
XGBoost,0.7906432748538011,3991.0,3406,126,773,195,0.6074766355140186,0.20144628099173553,0.30256012412723043
XGBoost,0.7956140350877193,4027.0,3410,122,781,187,0.6051779935275081,0.19318181818181818,0.29287392325763506
XGBoost,0.8005847953216374,4067.0,3420,112,791,177,0.6124567474048442,0.1828512396694215,0.28162291169451076
XGBoost,0.8055555555555556,4089.0,3428,104,797,171,0.6218181818181818,0.17665289256198347,0.2751407884151247
XGBoost,0.8105263157894737,4102.0,3435,97,801,167,0.6325757575757576,0.1725206611570248,0.2711038961038961
XGBoost,0.8154970760233918,4141.0,3441,91,810,158,0.6345381526104418,0.16322314049586778,0.25965488907148726
XGBoost,0.8204678362573099,4209.0,3448,84,825,143,0.6299559471365639,0.14772727272727273,0.2393305439330544
XGBoost,0.8254385964912281,4218.0,3454,78,828,140,0.6422018348623854,0.1446280991735537,0.23608768971332209
XGBoost,0.8304093567251462,4257.0,3460,72,837,131,0.645320197044335,0.1353305785123967,0.2237403928266439
XGBoost,0.8353801169590643,4291.0,3466,66,845,123,0.6507936507936508,0.12706611570247933,0.212618841832325
XGBoost,0.8403508771929824,4331.0,3471,61,854,114,0.6514285714285715,0.11776859504132231,0.1994750656167979
XGBoost,0.8453216374269006,4358.0,3479,53,861,107,0.66875,0.11053719008264463,0.18971631205673758
XGBoost,0.8502923976608187,4401.0,3486,46,871,97,0.6783216783216783,0.10020661157024793,0.17461746174617462
XGBoost,0.8552631578947368,4447.0,3490,42,881,87,0.6744186046511628,0.08987603305785125,0.15861440291704648
XGBoost,0.8602339181286549,4474.0,3493,39,887,81,0.675,0.08367768595041322,0.1488970588235294
XGBoost,0.8652046783625731,4502.0,3500,32,894,74,0.6981132075471698,0.07644628099173553,0.1378026070763501
XGBoost,0.8701754385964912,4522.0,3505,27,899,69,0.71875,0.07128099173553719,0.12969924812030076
XGBoost,0.8751461988304093,4541.0,3506,26,903,65,0.7142857142857143,0.06714876033057851,0.12275731822474033
XGBoost,0.8801169590643274,4563.0,3509,23,908,60,0.7228915662650602,0.06198347107438017,0.11417697431018078
XGBoost,0.8850877192982456,4620.0,3517,15,921,47,0.7580645161290323,0.04855371900826446,0.0912621359223301
XGBoost,0.8900584795321637,4663.0,3519,13,930,38,0.7450980392156863,0.03925619834710744,0.0745829244357213
XGBoost,0.8950292397660818,4696.0,3521,11,937,31,0.7380952380952381,0.03202479338842975,0.061386138613861385
XGBoost,0.9,4725.0,3522,10,943,25,0.7142857142857143,0.025826446280991736,0.049850448654037885
